,LoanAmt,InterestRate,PredictedProb
LoanAmt,1.0,0.09808178013492658,0.06851394375109908
InterestRate,0.09808178013492658,1.0,0.8265788969443625
PredictedProb,0.06851394375109908,0.8265788969443625,1.0
